{"cameraMode":{"drawMode":0,"name":"Shaded","section":"Shading Mode"},"sceneLighting":true,"audioPlay":false,"sceneViewState":{"showFog":true,"showMaterialUpdate":false,"showSkybox":true,"showFlares":true,"showImageEffects":true,"showParticleSystems":true},"in2DMode":false,"pivot":{"x":20.32822608947754,"y":-2.4106388092041017,"z":36.516605377197269},"rotation":{"x":0.16172032058238984,"y":0.40960922837257388,"z":-0.07403284311294556,"w":0.8947547078132629},"size":28.90851402282715,"orthographic":false}