{"cameraMode":{"drawMode":0,"name":"Shaded","section":"Shading Mode"},"sceneLighting":true,"audioPlay":false,"sceneViewState":{"showFog":true,"showMaterialUpdate":false,"showSkybox":true,"showFlares":true,"showImageEffects":true,"showParticleSystems":true},"in2DMode":false,"pivot":{"x":145.48191833496095,"y":74.99037170410156,"z":-62.964996337890628},"rotation":{"x":-0.33524101972579958,"y":-0.09811469912528992,"z":0.03512793406844139,"w":-0.93635094165802},"size":273.6722717285156,"orthographic":false}