{"cameraMode":{"drawMode":0,"name":"Shaded","section":"Shading Mode"},"sceneLighting":false,"audioPlay":false,"sceneViewState":{"showFog":true,"showMaterialUpdate":false,"showSkybox":false,"showFlares":true,"showImageEffects":true,"showParticleSystems":true},"in2DMode":false,"pivot":{"x":0.0008533000946044922,"y":8.584429740905762,"z":-4.5},"rotation":{"x":-0.33524101972579958,"y":-0.09811469912528992,"z":0.03512793406844139,"w":-0.93635094165802},"size":6.05300235748291,"orthographic":false}