{"cameraMode":{"drawMode":0,"name":"Shaded","section":"Shading Mode"},"sceneLighting":false,"audioPlay":false,"sceneViewState":{"showFog":true,"showMaterialUpdate":false,"showSkybox":false,"showFlares":true,"showImageEffects":true,"showParticleSystems":true},"in2DMode":false,"pivot":{"x":260.1099853515625,"y":-2.8000001907348635,"z":258.07000732421877},"rotation":{"x":-0.30721861124038699,"y":-0.26582351326942446,"z":0.08980847150087357,"w":-0.9093344211578369},"size":38.96266174316406,"orthographic":false}