{"cameraMode":{"drawMode":0,"name":"Shaded","section":"Shading Mode"},"sceneLighting":false,"audioPlay":false,"sceneViewState":{"showFog":true,"showMaterialUpdate":true,"showSkybox":false,"showFlares":true,"showImageEffects":true,"showParticleSystems":true},"in2DMode":false,"pivot":{"x":0.0,"y":2.4382991790771486,"z":-3.594309091567993},"rotation":{"x":-0.05542397126555443,"y":-0.8917738199234009,"z":0.43442368507385256,"w":-0.11377082020044327},"size":8.097341537475586,"orthographic":false}