{"cameraMode":{"drawMode":0,"name":"Shaded","section":"Shading Mode"},"sceneLighting":true,"audioPlay":false,"sceneViewState":{"showFog":true,"showMaterialUpdate":true,"showSkybox":true,"showFlares":true,"showImageEffects":true,"showParticleSystems":true},"in2DMode":false,"pivot":{"x":-3.0630111694335939,"y":-81.04730224609375,"z":-23.8753604888916},"rotation":{"x":-0.16905678808689118,"y":-0.8118133544921875,"z":0.4803684651851654,"w":-0.2857009768486023},"size":235.54949951171876,"orthographic":false}