{"cameraMode":{"drawMode":0,"name":"Shaded","section":"Shading Mode"},"sceneLighting":false,"audioPlay":false,"sceneViewState":{"showFog":true,"showMaterialUpdate":true,"showSkybox":false,"showFlares":true,"showImageEffects":true,"showParticleSystems":true},"in2DMode":false,"pivot":{"x":-8.157268524169922,"y":5.625049591064453,"z":-1.0372200012207032},"rotation":{"x":-0.05542397126555443,"y":-0.8917738199234009,"z":0.43442368507385256,"w":-0.11377082020044327},"size":1.4289418458938599,"orthographic":false}