{"cameraMode":{"drawMode":0,"name":"Shaded","section":"Shading Mode"},"sceneLighting":false,"audioPlay":false,"sceneViewState":{"showFog":true,"showMaterialUpdate":true,"showSkybox":false,"showFlares":true,"showImageEffects":true,"showParticleSystems":true},"in2DMode":false,"pivot":{"x":-72.55493927001953,"y":-21.978544235229493,"z":-67.24281311035156},"rotation":{"x":-0.12621594965457917,"y":0.8294743895530701,"z":-0.5026535391807556,"w":-0.20828194916248322},"size":13.373838424682618,"orthographic":false}