{"cameraMode":{"drawMode":0,"name":"Shaded","section":"Shading Mode"},"sceneLighting":false,"audioPlay":false,"sceneViewState":{"showFog":true,"showMaterialUpdate":false,"showSkybox":false,"showFlares":true,"showImageEffects":true,"showParticleSystems":true},"in2DMode":false,"pivot":{"x":-0.7111587524414063,"y":7.3264875411987309,"z":-0.4990959167480469},"rotation":{"x":-0.48425641655921938,"y":0.3232467472553253,"z":-0.1985451728105545,"w":-0.7884080410003662},"size":318.6966857910156,"orthographic":false}