{"cameraMode":{"drawMode":0,"name":"Shaded","section":"Shading Mode"},"sceneLighting":false,"audioPlay":false,"sceneViewState":{"showFog":true,"showMaterialUpdate":true,"showSkybox":false,"showFlares":true,"showImageEffects":true,"showParticleSystems":true},"in2DMode":false,"pivot":{"x":260.1099853515625,"y":-2.8000001907348635,"z":258.07000732421877},"rotation":{"x":0.10371916741132736,"y":0.8962799906730652,"z":-0.30580905079841616,"w":0.30398255586624148},"size":38.96266174316406,"orthographic":false}