{"cameraMode":{"drawMode":0,"name":"Shaded","section":"Shading Mode"},"sceneLighting":true,"audioPlay":false,"sceneViewState":{"showFog":true,"showMaterialUpdate":true,"showSkybox":true,"showFlares":true,"showImageEffects":true,"showParticleSystems":true},"in2DMode":false,"pivot":{"x":4.994846343994141,"y":-89.12097930908203,"z":-65.50469207763672},"rotation":{"x":-0.05542397126555443,"y":-0.8917738199234009,"z":0.43442368507385256,"w":-0.11377082020044327},"size":235.54949951171876,"orthographic":false}