{"cameraMode":{"drawMode":0,"name":"Shaded","section":"Shading Mode"},"sceneLighting":true,"audioPlay":false,"sceneViewState":{"showFog":true,"showMaterialUpdate":true,"showSkybox":true,"showFlares":true,"showImageEffects":true,"showParticleSystems":true},"in2DMode":false,"pivot":{"x":-10.327299118041993,"y":-42.087738037109378,"z":-57.326171875},"rotation":{"x":-0.007787578273564577,"y":-0.9240267276763916,"z":0.3817838132381439,"w":-0.018846049904823304},"size":371.1524963378906,"orthographic":false}