{"cameraMode":{"drawMode":0,"name":"Shaded","section":"Shading Mode"},"sceneLighting":true,"audioPlay":false,"sceneViewState":{"showFog":true,"showMaterialUpdate":true,"showSkybox":true,"showFlares":true,"showImageEffects":true,"showParticleSystems":true},"in2DMode":false,"pivot":{"x":-77.11721801757813,"y":59.93572235107422,"z":-9.442031860351563},"rotation":{"x":-0.2274627387523651,"y":-0.7703783512115479,"z":0.45273682475090029,"w":-0.38704949617385867},"size":107.52752685546875,"orthographic":false}