{"cameraMode":{"drawMode":0,"name":"Shaded","section":"Shading Mode"},"sceneLighting":false,"audioPlay":false,"sceneViewState":{"showFog":true,"showMaterialUpdate":false,"showSkybox":false,"showFlares":true,"showImageEffects":true,"showParticleSystems":true},"in2DMode":false,"pivot":{"x":-8.157268524169922,"y":5.625049591064453,"z":-1.0372200012207032},"rotation":{"x":0.15752527117729188,"y":0.6994167566299439,"z":-0.1625176966190338,"w":0.6779307126998901},"size":2.8578836917877199,"orthographic":false}