{"cameraMode":{"drawMode":0,"name":"Shaded","section":"Shading Mode"},"sceneLighting":false,"audioPlay":false,"sceneViewState":{"showFog":true,"showMaterialUpdate":false,"showSkybox":false,"showFlares":true,"showImageEffects":true,"showParticleSystems":true},"in2DMode":false,"pivot":{"x":-0.0007987022399902344,"y":1.6806410551071168,"z":0.0005934238433837891},"rotation":{"x":0.03170556575059891,"y":0.9652532935142517,"z":-0.21819216012954713,"w":0.140260711312294},"size":6.930022239685059,"orthographic":false}