{"cameraMode":{"drawMode":0,"name":"Shaded","section":"Shading Mode"},"sceneLighting":false,"audioPlay":false,"sceneViewState":{"showFog":true,"showMaterialUpdate":false,"showSkybox":false,"showFlares":true,"showImageEffects":true,"showParticleSystems":true},"in2DMode":false,"pivot":{"x":-0.8730000257492065,"y":0.03606909513473511,"z":0.05000000074505806},"rotation":{"x":0.06606597453355789,"y":0.8638948798179627,"z":-0.11761263757944107,"w":0.4852713346481323},"size":2.0444397926330568,"orthographic":false}