{"cameraMode":{"drawMode":0,"name":"Shaded","section":"Shading Mode"},"sceneLighting":false,"audioPlay":false,"sceneViewState":{"showFog":true,"showMaterialUpdate":false,"showSkybox":false,"showFlares":true,"showImageEffects":true,"showParticleSystems":true},"in2DMode":false,"pivot":{"x":-0.9533683061599731,"y":0.09225195646286011,"z":0.07196176052093506},"rotation":{"x":-0.046529605984687808,"y":-0.9325519800186157,"z":0.3335552513599396,"w":-0.13008756935596467},"size":0.8444399237632752,"orthographic":false}