{"cameraMode":{"drawMode":0,"name":"Shaded","section":"Shading Mode"},"sceneLighting":false,"audioPlay":false,"sceneViewState":{"showFog":true,"showMaterialUpdate":false,"showSkybox":false,"showFlares":true,"showImageEffects":true,"showParticleSystems":true},"in2DMode":false,"pivot":{"x":0.000003933906555175781,"y":1.3059865236282349,"z":-2.9339993000030519},"rotation":{"x":-0.06681831926107407,"y":0.8904507756233215,"z":-0.13896256685256959,"w":-0.42816147208213808},"size":6.317411422729492,"orthographic":false}