{"cameraMode":{"drawMode":0,"name":"Shaded","section":"Shading Mode"},"sceneLighting":false,"audioPlay":false,"sceneViewState":{"showFog":true,"showMaterialUpdate":false,"showSkybox":false,"showFlares":true,"showImageEffects":true,"showParticleSystems":true},"in2DMode":false,"pivot":{"x":0.0,"y":7.274999618530273,"z":-4.496000289916992},"rotation":{"x":-0.022847888991236688,"y":0.9768424034118652,"z":-0.13746891915798188,"w":-0.16235549747943879},"size":5.476424694061279,"orthographic":false}