{"cameraMode":{"drawMode":0,"name":"Shaded","section":"Shading Mode"},"sceneLighting":true,"audioPlay":false,"sceneViewState":{"showFog":true,"showMaterialUpdate":false,"showSkybox":true,"showFlares":true,"showImageEffects":true,"showParticleSystems":true},"in2DMode":false,"pivot":{"x":19.99551773071289,"y":-8.286813735961914,"z":16.80057716369629},"rotation":{"x":-0.15957500040531159,"y":-0.5888627767562866,"z":0.11998137086629868,"w":-0.7831864356994629},"size":34.707515716552737,"orthographic":false}