{"cameraMode":{"drawMode":0,"name":"Shaded","section":"Shading Mode"},"sceneLighting":false,"audioPlay":false,"sceneViewState":{"showFog":true,"showMaterialUpdate":false,"showSkybox":false,"showFlares":true,"showImageEffects":true,"showParticleSystems":true},"in2DMode":false,"pivot":{"x":-0.0007987022399902344,"y":1.6806410551071168,"z":0.0005934238433837891},"rotation":{"x":0.34155669808387759,"y":-0.06701548397541046,"z":0.024424847215414048,"w":0.9371506571769714},"size":6.930022239685059,"orthographic":false}