{"cameraMode":{"drawMode":0,"name":"Shaded","section":"Shading Mode"},"sceneLighting":false,"audioPlay":false,"sceneViewState":{"showFog":true,"showMaterialUpdate":false,"showSkybox":false,"showFlares":true,"showImageEffects":true,"showParticleSystems":true},"in2DMode":false,"pivot":{"x":0.00000762939453125,"y":14.323301315307618,"z":-0.000003814697265625},"rotation":{"x":0.14808838069438935,"y":0.7142130732536316,"z":-0.15896180272102357,"w":0.6653575897216797},"size":224.44546508789063,"orthographic":false}