{"cameraMode":{"drawMode":0,"name":"Shaded","section":"Shading Mode"},"sceneLighting":false,"audioPlay":false,"sceneViewState":{"showFog":true,"showMaterialUpdate":false,"showSkybox":false,"showFlares":true,"showImageEffects":true,"showParticleSystems":true},"in2DMode":false,"pivot":{"x":1.100000023841858,"y":0.940000057220459,"z":-0.5316338539123535},"rotation":{"x":-0.022847888991236688,"y":0.9768424034118652,"z":-0.13746891915798188,"w":-0.16235549747943879},"size":2.8578836917877199,"orthographic":false}