{"cameraMode":{"drawMode":0,"name":"Shaded","section":"Shading Mode"},"sceneLighting":false,"audioPlay":false,"sceneViewState":{"showFog":true,"showMaterialUpdate":false,"showSkybox":false,"showFlares":true,"showImageEffects":true,"showParticleSystems":true},"in2DMode":false,"pivot":{"x":0.25071895122528078,"y":7.755648612976074,"z":-3.795222520828247},"rotation":{"x":-0.2605349123477936,"y":0.6382133364677429,"z":-0.24373619258403779,"w":-0.6822009086608887},"size":4.5764241218566898,"orthographic":false}